Emp ID,First Name,Last Name,DOB,SSN,State
232,John,Mathews,02/24/1991,***-**-9165,ND
232,John,Mathews,02/24/1991,***-**-9165,ME
533,Nathan,Moore,11/19/1978,***-**-7469,ID
256,Amanda,Douglas,01/08/1990,***-**-6961,VT
189,Heather,Andrews,08/11/1976,***-**-1797,CO
284,Daniel,Hernandez,07/22/1976,***-**-7473,MN
512,Danny,Pena,01/31/1978,***-**-9878,AR
126,Gary,Knight,03/08/1994,***-**-1242,CA
556,Robin,Carroll,10/14/1972,***-**-7194,TN
595,Michelle,Dickerson,02/08/1984,***-**-2817,OR
191,Kimberly,Gallegos,08/05/1972,***-**-7563,TN
55,Morgan,Parker,01/30/1986,***-**-4320,MD
623,Mason,Rhodes,01/28/1977,***-**-4767,MA
426,Amy,Griffin,02/18/1973,***-**-1946,ME
535,Danielle,House,04/16/1975,***-**-9308,KY
399,Charles,Greene,11/28/1992,***-**-2935,LA
33,Nicholas,Martinez,04/05/1979,***-**-1689,RI
302,Tracey,Meadows,01/12/1988,***-**-6175,MT
325,Renee,Evans,03/14/1991,***-**-2708,PA
188,Joseph,Estrada,03/29/1984,***-**-2571,AL
184,Jeremy,Warner,10/20/1987,***-**-1184,ID
526,Anthony,Rodriguez,02/09/1983,***-**-3865,VA
85,Kristen,Lopez,01/02/1978,***-**-8194,MT
171,Mark,Mcdonald,06/27/1984,***-**-0101,AR
74,Robert,Freeman,01/01/1984,***-**-5211,CA
69,Michael,Reynolds,10/30/1994,***-**-8507,SD
365,Kristine,Little,07/10/1974,***-**-1771,RI
149,April,Barnes,02/15/1983,***-**-3288,UT
218,Pamela,Hodges,02/19/1989,***-**-1423,WY
647,Ronald,Gilbert,05/26/1974,***-**-4448,CO
518,Thomas,Cooper,08/17/1972,***-**-9890,VA
12,Dakota,Harrington,08/24/1972,***-**-7188,WI
622,Jennifer,Porter,01/20/1991,***-**-5572,NM
159,Beverly,Jordan,08/15/1986,***-**-3762,CA
394,Mark,Brown,04/02/1975,***-**-8531,NC
158,Amy,Ford,06/05/1974,***-**-6461,RI
446,Benjamin,King,05/07/1973,***-**-8165,SD
352,Stephen,Bryant,05/15/1991,***-**-6488,MD
598,Brandi,Williams,10/15/1989,***-**-8500,SC
505,Ashley,Hutchinson,04/26/1994,***-**-1510,MI
173,Alisha,Pacheco,01/13/1982,***-**-2496,SD
84,Robert,Campbell,02/27/1973,***-**-9581,RI
406,Sandra,Sanders,10/06/1980,***-**-1673,CT
164,Katherine,Hensley,05/29/1991,***-**-7226,AL
267,Stacy,Cox,11/08/1976,***-**-0990,MA
503,Frank,Barton,06/10/1993,***-**-5568,SC
295,Shannon,Kramer,05/04/1980,***-**-7615,HI
590,Brenda,James,12/31/1977,***-**-3251,KS
97,Paula,Edwards,08/10/1988,***-**-0638,NY
3,Jennifer,Rowe,09/16/1980,***-**-9014,MO
20,David,Foster,01/09/1990,***-**-6956,AR
179,William,Boyle,01/30/1988,***-**-0490,ID
86,Christopher,Greene,05/29/1972,***-**-8446,MS
219,Matthew,Fuller,04/27/1980,***-**-2989,WA
237,Gabriela,Nguyen,12/17/1981,***-**-3729,AR
96,Allison,Diaz,03/25/1994,***-**-8927,TX
22,Isaac,Jordan,05/06/1986,***-**-0520,NC
439,Cheryl,Bailey,10/31/1991,***-**-1224,AK
146,Julie,Castillo,02/16/1988,***-**-4523,FL
271,Michael,Adams,12/10/1986,***-**-3927,NE
103,Melinda,Parsons,02/07/1986,***-**-8751,DE
540,Robert,Campbell,01/17/1987,***-**-3694,SD
144,Julie,Nelson,08/08/1994,***-**-1332,VT
594,Steven,Nelson,04/14/1989,***-**-2085,CA
176,Hailey,Lynn,03/25/1973,***-**-9488,IL
198,Dillon,Nguyen,05/26/1978,***-**-4552,NY
433,Hannah,Miller,10/18/1973,***-**-4657,KY
274,Jeffrey,Harris,05/25/1994,***-**-4763,IL
6,Daniel,Welch,08/08/1982,***-**-6950,MD
452,Bryan,Jackson,09/08/1982,***-**-8117,WI
23,Denise,George,09/07/1990,***-**-4879,OH
373,Alicia,Carney,09/10/1989,***-**-9437,KY
374,William,Peters,03/20/1986,***-**-7516,WV
200,Dustin,Drake,09/17/1993,***-**-5454,KS
428,Jessica,Thornton,01/03/1983,***-**-2381,MI
116,Rebecca,Wilson,06/08/1980,***-**-6629,NH
418,Katherine,Lane,11/01/1986,***-**-6820,AK
9,Sarah,Harper,07/27/1993,***-**-5891,NJ
230,Jermaine,Hill,09/11/1988,***-**-5479,MI
502,Michael,Marshall,04/05/1990,***-**-5125,IA
632,Kirsten,Mcbride,09/10/1973,***-**-2372,GA
112,Rachael,Holmes,07/30/1973,***-**-2067,SC
422,Leon,Foster,09/19/1975,***-**-3153,OH
131,David,Mcclain,08/02/1976,***-**-5430,TN
404,Emily,Lawrence,11/24/1991,***-**-1991,TN
504,Troy,Booth,12/27/1990,***-**-5141,KS
194,Stephanie,Ho,04/25/1983,***-**-3656,MS
567,Michele,Hendricks,03/10/1990,***-**-7341,NV
253,Eric,Harper,11/12/1986,***-**-2860,SD
407,Jonathan,Gomez,06/05/1993,***-**-4727,NV
82,Kevin,Garcia,11/25/1977,***-**-4722,MI
429,Howard,Lawson,04/13/1984,***-**-7664,WY
78,Stacy,Robertson,09/24/1974,***-**-0248,AR
167,John,Beck,07/27/1985,***-**-3635,WI
484,Julia,Morgan,03/18/1976,***-**-1731,MI
60,Allen,Leon,04/06/1975,***-**-9089,ID
400,James,Rios,03/04/1978,***-**-3987,KS
34,Ralph,Wells,10/19/1988,***-**-4237,CT
596,Megan,Chavez,10/08/1991,***-**-7659,WY
279,Ashley,Patrick,06/07/1974,***-**-0763,ID
466,Bonnie,Bowen,11/07/1993,***-**-5889,MT
327,Andrew,Lawson,04/05/1982,***-**-7313,MT
382,Tonya,Chavez,04/17/1984,***-**-5703,FL
369,Michelle,Larson,03/20/1980,***-**-3866,WY
347,Mark,Garrett,09/18/1985,***-**-4408,NH
25,Chelsea,Rivera,06/21/1987,***-**-0140,IL
317,Amanda,Krause,11/06/1977,***-**-4744,NY
321,Paige,Spencer,09/02/1991,***-**-8621,ID
193,Rhonda,Gonzales,06/07/1976,***-**-4110,MN
606,Jasmine,Kelly,06/30/1979,***-**-3251,NJ
123,Amy,Sherman,08/04/1973,***-**-6029,FL
566,David,Arroyo,04/16/1975,***-**-9403,AZ
409,Robert,Lin,11/12/1975,***-**-0121,IA
265,Paul,Wilson,06/19/1993,***-**-9871,HI
490,Paul,Meyers,03/13/1989,***-**-1680,OH
311,Jessica,Elliott,06/04/1978,***-**-1632,AR
537,Anthony,Richmond,10/05/1989,***-**-8935,SD
147,William,Rivera,03/08/1975,***-**-7032,OR
304,Sheri,Villegas,02/13/1985,***-**-8629,HI
472,Kelly,Hopkins,10/08/1984,***-**-6875,CA
348,Darren,Farrell,05/24/1991,***-**-5885,WV
91,Darlene,Harmon,05/05/1980,***-**-3052,ME
410,Rachel,Lyons,08/29/1972,***-**-0900,FL
344,David,Jacobs,02/28/1982,***-**-3682,PA
419,Christina,Weeks,10/15/1972,***-**-2028,CT
1,Andrea,Anderson,11/12/1984,***-**-5650,GA
532,Jennifer,Smith,01/31/1989,***-**-1748,OH
107,Shirley,Andrews,12/07/1981,***-**-5306,MA
166,Adrian,Rivera,02/13/1973,***-**-5638,UT
391,George,Mckinney,02/04/1984,***-**-7748,NY
67,Hailey,Boyd,11/17/1980,***-**-0270,WV
447,Tiffany,Harris,01/12/1983,***-**-9733,TX
653,Mary,Hunter,11/01/1977,***-**-6623,GA
294,Robert,Edwards,04/07/1980,***-**-5215,ID
416,Barbara,Lambert,09/07/1979,***-**-5353,NY
185,Angela,Armstrong,03/22/1990,***-**-2446,MN
637,Brett,Ward,09/27/1979,***-**-0204,OK
333,Troy,Sanchez,11/15/1990,***-**-2052,CA
579,Garrett,Carter,09/26/1988,***-**-7246,IN
215,James,Reeves,01/31/1988,***-**-1620,MI
152,Mary,Baker,07/08/1979,***-**-0954,AL
301,Alexandra,Bradley,06/13/1980,***-**-9390,OR
572,Aaron,James,03/25/1974,***-**-4596,TN
165,Thomas,Wood,08/21/1979,***-**-8269,WY
639,Charlene,Jackson,10/28/1989,***-**-8809,FL
405,Mary,Robbins,12/01/1975,***-**-9514,CT
390,Kayla,Washington,10/08/1985,***-**-6218,CO
641,Kimberly,Knapp,11/23/1992,***-**-1122,SC
51,Nicholas,Brown,09/18/1988,***-**-2869,PA
421,Rebecca,Marshall,05/06/1974,***-**-1020,ND
106,Mark,Smith,07/07/1979,***-**-5381,WV
379,Adam,Harrell,10/18/1981,***-**-0742,CO
76,Steve,Daniels,09/14/1980,***-**-3537,UT
68,Victoria,Potter,03/25/1988,***-**-4290,LA
118,Kathy,Preston,03/06/1990,***-**-9960,CA
127,Michael,Donaldson,01/01/1995,***-**-7624,MN
542,Brian,Bridges,02/22/1976,***-**-4546,KS
181,Martha,Gonzalez,01/17/1981,***-**-8342,MT
111,Paul,Rogers,01/10/1992,***-**-6284,TN
481,Dawn,Galvan,09/03/1989,***-**-8058,ND
568,Amber,West,01/19/1978,***-**-7363,WY
395,Christopher,Guerrero,01/29/1983,***-**-4036,SC
345,Stacy,Brooks,06/17/1991,***-**-4661,AL
438,Danielle,Kaiser,08/21/1975,***-**-9764,MD
403,Taylor,Boyle,09/26/1979,***-**-9756,CA
180,Donna,Howard,12/16/1978,***-**-3416,HI
616,Anne,Rios,11/26/1974,***-**-6513,CT
56,Theresa,Barnes,09/28/1976,***-**-2054,NM
153,Lori,Tate,03/08/1977,***-**-9123,NV
551,Alexandria,Baker,11/02/1974,***-**-3200,GA
135,Stephen,Hensley,09/30/1978,***-**-5372,UT
500,Jennifer,Fischer,11/19/1983,***-**-5609,NM
24,Pamela,Robinson,02/21/1981,***-**-4275,SC
81,Brendan,Gonzalez,08/02/1991,***-**-9993,TN
50,Richard,Turner,12/24/1982,***-**-9924,IL
328,Michael,Robinson,10/22/1973,***-**-2355,MD
402,Patricia,Sharp,07/13/1987,***-**-0306,NH
255,Elizabeth,Avila,03/15/1977,***-**-8453,CT
413,Christopher,Martinez,12/28/1978,***-**-8774,AK
507,Isaac,Woods,03/20/1984,***-**-6227,OR
62,Adriana,Wolf,10/17/1994,***-**-1702,AL
150,David,Pearson,06/14/1982,***-**-1781,RI
109,Matthew,Kramer,05/14/1988,***-**-4860,WV
310,Pamela,Archer,10/25/1987,***-**-2625,KS
243,Charles,Stout,12/05/1976,***-**-1997,NY
72,Daniel,Boyd,07/18/1978,***-**-1220,MA
608,Jimmy,Jones,02/19/1973,***-**-2030,LA
19,Rebecca,Hammond,02/21/1972,***-**-2706,AK
30,Emily,Diaz,12/04/1986,***-**-9174,CO
119,Chad,Wise,11/10/1988,***-**-1355,KY
162,Todd,Duran,01/14/1976,***-**-1832,PA
199,Brian,Mclaughlin,09/21/1987,***-**-2876,ME
187,Katherine,Rogers,05/13/1988,***-**-9500,WI
102,Joseph,Adams,01/18/1979,***-**-7778,UT
385,David,Lowery,10/21/1987,***-**-7963,WA
626,Janice,Young,07/07/1988,***-**-4863,TN
528,Anna,Matthews,02/09/1991,***-**-4474,AK
31,Katie,Garcia,03/22/1983,***-**-8462,LA
43,Maria,Estrada,04/30/1990,***-**-8108,TX
169,Ashley,Smith,07/16/1983,***-**-8720,CA
204,Amy,Wright,10/15/1991,***-**-8641,NH
494,Heather,Scott,08/20/1982,***-**-0361,NY
233,John,Anderson,05/30/1973,***-**-6681,UT
638,John,Anderson,01/07/1983,***-**-7935,IA
57,Kimberly,Harris,10/01/1988,***-**-5459,WI
648,Christopher,Smith,11/23/1976,***-**-2521,VA
192,Daniel,Singh,12/25/1980,***-**-7521,ME
73,Miranda,Nguyen,08/12/1981,***-**-2585,CO
477,Gregory,Simpson,07/09/1990,***-**-9365,NM
411,Daniel,Brown,04/19/1984,***-**-6526,TN
630,Susan,Thompson,05/17/1985,***-**-6074,NV
600,Rick,Johns,07/30/1984,***-**-7121,SD
634,Sean,Calhoun,07/31/1978,***-**-2261,PA
296,Alan,Holden,11/06/1994,***-**-6916,AK
154,Robin,Silva,07/14/1987,***-**-0453,SD
527,Nicole,Conrad,06/02/1985,***-**-6985,MD
635,Deanna,Russell,07/29/1972,***-**-9236,WV
229,Joshua,Bailey,07/20/1986,***-**-4031,GA
389,Daniel,Patrick,10/15/1972,***-**-8777,AR
220,William,Smith,06/04/1990,***-**-0654,WV
454,Kristin,Grant,08/23/1980,***-**-9693,GA
488,Kimberly,Velasquez,01/10/1989,***-**-4229,WI
41,Michael,Dalton,03/08/1994,***-**-2101,KY
522,Jason,Shaw,11/01/1985,***-**-4765,SC
269,Jonathon,Olson,07/08/1985,***-**-7767,CO
35,Andrea,Perry,02/01/1986,***-**-8897,WI
10,Anthony,Nguyen,10/09/1986,***-**-8472,OH
397,Anthony,Christensen,05/13/1983,***-**-8703,NJ
45,Paul,Murphy,07/18/1975,***-**-9454,GA
210,Susan,Stewart,04/23/1989,***-**-2712,OH
197,Scott,Warren,06/24/1985,***-**-3723,LA
354,Jennifer,Avery,08/08/1987,***-**-5062,MI
552,Alexander,Vaughan,08/22/1988,***-**-8562,CO
414,Laura,Parker,12/05/1973,***-**-6879,AR
134,Derek,Harrington,09/15/1990,***-**-2836,CA
11,Daniel,Wells,08/27/1994,***-**-7268,MI
222,Kelly,Phillips,11/05/1987,***-**-1324,IA
442,Lauren,Bennett,06/05/1985,***-**-4874,WY
633,Aaron,Wolf,04/09/1978,***-**-1149,CO
361,Julia,Wright,09/04/1980,***-**-6702,TX
205,Cheryl,Dennis,06/16/1986,***-**-0712,DE
18,Donna,Lopez,02/22/1985,***-**-5711,ID
459,Matthew,Gibbs,06/12/1984,***-**-9698,GA
564,Nancy,Mitchell,02/02/1988,***-**-9365,MS
138,Ashley,Bullock,07/23/1983,***-**-5394,ID
356,Andrew,Moore,01/03/1982,***-**-5178,NH
479,Joseph,Martinez,10/05/1973,***-**-9409,OR
100,Yvette,Rodriguez,09/11/1985,***-**-8123,LA
451,Carrie,Barber,11/09/1977,***-**-3083,NE
432,Ashley,Sherman,10/01/1984,***-**-1501,PA
71,Craig,Garcia,08/18/1994,***-**-3695,MD
463,Jerome,Brown,07/10/1992,***-**-9456,TN
308,Kevin,Beck,03/29/1981,***-**-7304,DE
591,Travis,Hansen,07/28/1981,***-**-6746,RI
214,Rodney,Cook,12/15/1994,***-**-6232,MN
290,Theresa,Brown,02/20/1993,***-**-3478,MA
8,Wayne,Mercer,09/21/1989,***-**-7254,OH
182,Mary,Lee,04/12/1982,***-**-7361,ID
534,Matthew,Martin,07/12/1993,***-**-7803,CA
511,Lee,Weber,12/03/1988,***-**-9830,OR
32,James,Wilson,07/23/1977,***-**-7343,MN
289,Angela,Clark,04/20/1988,***-**-3392,NH
643,Allen,Flynn,07/25/1994,***-**-7573,WI
234,Darrell,Coleman,08/24/1992,***-**-4198,MS
618,Patrick,Wells,08/03/1979,***-**-3209,HI
246,Tyler,Beck,10/20/1986,***-**-1385,NE
546,Michelle,Jenkins,11/29/1977,***-**-8254,WY
455,Scott,Miller,09/27/1991,***-**-3580,TX
341,Maria,Mcmillan,09/07/1973,***-**-3730,MA
252,Amy,Waller,10/01/1980,***-**-8763,MS
351,Jacob,Thomas,03/31/1976,***-**-8896,MN
493,Amanda,Jones,07/31/1993,***-**-0691,PA
599,Edward,Padilla,10/09/1993,***-**-5222,ND
315,Debra,Best,02/20/1973,***-**-3320,IN
577,Gregory,Roberts,01/27/1986,***-**-4496,WI
415,Suzanne,Wheeler,05/19/1985,***-**-2982,MT
303,Ann,Lewis,01/14/1976,***-**-0619,MA
478,Michelle,Peterson,06/25/1984,***-**-2154,VA
313,Adam,Thomas,12/30/1982,***-**-1297,AL
4,Donna,Owens,09/26/1987,***-**-6696,AR
249,Pamela,Lyons,09/27/1972,***-**-3318,NV
649,Victor,Lopez,10/26/1987,***-**-3964,CO
565,Matthew,Miller,04/07/1979,***-**-3517,WI
513,Kevin,Foster,10/18/1985,***-**-5090,OH
516,Alyssa,Stokes,04/01/1973,***-**-2432,VT
545,Mark,Saunders,08/23/1973,***-**-2640,OR
38,Michael,Chapman,03/13/1977,***-**-6874,IN
309,Cole,Farrell,01/29/1993,***-**-7973,OH
578,Michael,Estrada,10/12/1994,***-**-2448,NC
178,Shaun,Martinez,12/11/1982,***-**-5793,AZ
359,Victoria,Moon,01/06/1976,***-**-8604,HI
278,Brian,Peters,05/07/1982,***-**-3701,MD
292,Jose,Gonzalez,06/01/1992,***-**-9797,KY
87,John,Paul,11/20/1973,***-**-7180,NH
286,Stephanie,Smith,04/26/1978,***-**-1286,AZ
221,Lisa,Wilson,11/09/1993,***-**-6950,NM
524,Cody,Duran,01/15/1973,***-**-6706,NE
453,Ann,Johnson,06/01/1981,***-**-9046,CA
468,Paula,Hernandez,10/12/1975,***-**-2951,NY
444,Patrick,Barber,07/21/1991,***-**-9891,MT
350,Dennis,Alvarado,11/27/1973,***-**-4378,LA
462,David,Peterson,06/27/1973,***-**-7312,OR
66,Tina,Williams,11/04/1987,***-**-7775,WY
495,Bridget,Koch,02/23/1973,***-**-9714,NE
586,Adrian,Hernandez,09/08/1993,***-**-5101,NH
457,Andrea,Potter,12/26/1983,***-**-6384,MA
392,David,Williams,07/07/1990,***-**-6350,AR
202,Katherine,Wright,05/10/1987,***-**-3109,NH
467,Kevin,Taylor,04/19/1979,***-**-2293,ME
627,Latoya,Mitchell,03/15/1991,***-**-3607,CA
367,Tricia,Smith,01/24/1992,***-**-7866,MI
244,David,Miles,11/26/1993,***-**-2657,UT
620,Gina,Hoffman,03/20/1990,***-**-4213,MO
642,Tamara,Whitney,09/21/1975,***-**-9208,TX
427,John,Garcia,04/14/1987,***-**-3993,DE
539,Craig,Nunez,06/13/1972,***-**-6566,MS
98,Desiree,Ross,07/07/1981,***-**-2608,MD
324,Samantha,Ramirez,08/11/1981,***-**-7086,PA
589,David,Patton,11/19/1978,***-**-9705,OK
339,Caroline,Lopez,08/09/1981,***-**-1325,CO
645,Karen,Malone,09/03/1985,***-**-5442,FL
355,Daniel,Wright,12/31/1989,***-**-3803,HI
541,Brent,Miller,01/14/1978,***-**-9692,RI
360,Mitchell,Meyer,08/31/1991,***-**-7666,NE
39,Annette,Flores,04/19/1977,***-**-3196,WY
305,Wendy,Hendrix,08/19/1983,***-**-6634,MN
474,Alexis,Cross,08/11/1983,***-**-3694,SD
571,Jeffrey,Jones,06/27/1981,***-**-1822,RI
372,Jessica,Walsh,06/01/1976,***-**-2907,FL
559,Sherry,Henderson,02/15/1991,***-**-3768,OK
521,Jennifer,Johnson,02/17/1978,***-**-3102,NH
583,Scott,Ellison,03/31/1977,***-**-8653,AL
329,Denise,Baldwin,04/06/1992,***-**-7350,MA
201,Rebecca,James,12/04/1980,***-**-1514,MO
276,Sean,Gonzales,08/11/1981,***-**-8838,PA
592,Mary,Chavez,04/27/1990,***-**-2834,WA
124,Ralph,Martinez,02/26/1980,***-**-4024,DE
133,Thomas,Stone,03/29/1973,***-**-8227,NC
314,Christopher,Anderson,07/01/1974,***-**-1835,LA
562,Allison,Garcia,02/08/1983,***-**-0105,PA
125,Charles,Hall,09/15/1982,***-**-7617,KY
625,Lawrence,Roach,04/03/1991,***-**-2080,AL
312,Christopher,Dougherty,03/29/1978,***-**-0986,CO
90,William,Small,08/05/1990,***-**-0642,NJ
236,Samuel,May,03/30/1988,***-**-0970,DE
601,Brian,Lopez,02/13/1990,***-**-7558,MN
326,Amanda,Clark,07/23/1991,***-**-5043,SD
264,Cody,Taylor,11/13/1978,***-**-3700,OR
248,Sherry,Love,03/24/1975,***-**-8685,KS
485,Christine,Stone,11/07/1978,***-**-6503,IA
54,Kristy,Diaz,03/26/1988,***-**-1032,FL
2,Amy,Long,07/19/1982,***-**-7292,MD
298,Haley,Myers,03/20/1985,***-**-0757,IN
99,Michael,Holden,07/23/1975,***-**-7951,NH
186,Kelly,Ferrell,01/21/1982,***-**-2299,UT
593,Rachel,Valdez,05/21/1985,***-**-0852,MN
557,Kristine,Roberson,03/18/1981,***-**-0956,RI
375,Vincent,Watson,12/15/1974,***-**-8997,MI
460,Elizabeth,Bailey,07/15/1979,***-**-7230,MI
496,Mark,Mcmillan,07/08/1976,***-**-2503,OH
487,Sheri,Long,06/06/1978,***-**-5166,NE
469,Daniel,Mccall,07/12/1987,***-**-5314,TN
340,Dawn,Malone,04/19/1979,***-**-2070,NM
363,Evan,Romero,08/25/1994,***-**-3334,WV
108,Paul,Adams,04/19/1992,***-**-5765,AK
357,Tracy,Holt,10/20/1988,***-**-1413,CA
293,Charles,Wheeler,02/11/1972,***-**-5781,IL
604,Ashley,Harris,08/09/1993,***-**-7070,AL
7,Roberto,Schmidt,02/07/1994,***-**-1763,ID
94,Margaret,Barton,10/10/1975,***-**-0973,ID
227,Michelle,Diaz,09/25/1993,***-**-4889,MD
486,Mike,Duncan,12/15/1988,***-**-8115,SD
613,Alexandra,Thomas,01/12/1994,***-**-6760,MI
603,Mark,Murillo,09/22/1976,***-**-9915,HI
332,Carol,Dyer,03/12/1989,***-**-5545,NH
587,Daniel,Williams,11/17/1989,***-**-9146,GA
602,Sandra,Suarez,09/20/1980,***-**-9548,ND
398,Sarah,Hamilton,07/20/1976,***-**-3104,CT
148,Sydney,Floyd,03/31/1981,***-**-0722,NE
223,Jonathan,Hall,07/01/1978,***-**-6672,MN
574,Jennifer,Kim,10/03/1976,***-**-9504,CA
588,Kenneth,Sanchez,10/30/1980,***-**-8921,ND
157,Joseph,Carroll,05/09/1975,***-**-5984,AL
175,Jennifer,Arnold,10/18/1976,***-**-4368,MI
473,David,Le,08/31/1976,***-**-5444,MO
29,Jeffrey,Clark,06/28/1978,***-**-0316,NJ
334,Jeffery,Reed,07/19/1985,***-**-6338,PA
465,Laura,Kim,07/26/1974,***-**-3606,NH
92,Derek,Obrien,06/29/1990,***-**-6123,CA
470,Brooke,Bishop,12/18/1980,***-**-4107,WA
128,Peter,Miles,10/26/1976,***-**-3367,AL
77,Alex,Owen,10/07/1987,***-**-9252,TN
530,Michael,Fowler,08/28/1990,***-**-3995,MN
270,Katherine,Rose,01/19/1976,***-**-0446,KY
251,Daniel,Waller,04/23/1974,***-**-0011,DE
277,Ronald,Johnson,09/19/1973,***-**-8871,VT
346,Austin,Gutierrez,06/25/1979,***-**-0203,AL
238,Brandon,Chang,05/14/1984,***-**-6687,UT
143,Alexander,Murphy,05/05/1984,***-**-0664,VT
461,Stephanie,Mendoza,03/22/1977,***-**-8308,MA
5,Gregory,Moore,02/10/1982,***-**-6226,MD
117,Jonathan,Mendoza,12/30/1989,***-**-0262,OK
396,Michelle,Phillips,09/17/1988,***-**-2345,MI
517,Justin,Morgan,03/17/1976,***-**-5133,CT
228,Michael,Hubbard,09/09/1978,***-**-8972,WY
576,Travis,Little,05/14/1992,***-**-6995,ME
482,Susan,Kennedy,12/19/1988,***-**-4558,CO
611,Emily,Mcgrath,11/10/1973,***-**-7640,NV
288,Sandra,Griffin,11/13/1988,***-**-6533,WY
322,Jessica,Sullivan,01/07/1990,***-**-2665,NM
93,Timothy,Mendoza,06/09/1980,***-**-2367,TN
631,Amanda,Pearson,08/15/1979,***-**-9832,KS
95,Jeffery,Burnett,07/28/1984,***-**-4493,MT
225,Brian,Williams,01/12/1986,***-**-5701,MO
386,Randy,Dorsey,05/09/1974,***-**-0360,NV
272,Duane,Williams,10/14/1973,***-**-8818,MA
614,Colleen,Beasley,08/12/1977,***-**-3286,PA
262,Brian,Jackson,12/21/1985,***-**-9597,SD
110,Cynthia,Price,10/15/1991,***-**-6184,HI
501,Donald,Carter,07/16/1983,***-**-5922,TN
65,Lisa,Schmitt,04/23/1976,***-**-5980,NE
458,Dustin,Nichols,06/07/1977,***-**-9015,TX
224,Jay,Brown,04/24/1980,***-**-8736,AK
160,Beth,Lynch,02/13/1984,***-**-0814,TX
259,Mary,Mitchell,01/20/1982,***-**-3602,GA
547,Joshua,Rush,08/05/1986,***-**-2710,HI
358,Jillian,David,04/11/1973,***-**-4462,FL
652,Anthony,Delgado,09/19/1994,***-**-7837,HI
49,Meghan,Wilson,05/18/1988,***-**-4722,OH
437,Andrea,Montgomery,12/03/1991,***-**-6315,NY
536,Megan,Gray,10/12/1972,***-**-4006,AR
636,Sarah,Brooks,06/27/1991,***-**-6948,WI
330,Kaylee,Clark,05/29/1992,***-**-0753,AR
538,Joseph,Martin,04/13/1992,***-**-5396,TN
168,Donna,Rose,04/20/1989,***-**-1960,RI
480,Brandi,Sawyer,07/13/1979,***-**-9334,DE
543,James,Torres,01/19/1986,***-**-5026,MN
506,Jonathan,Malone,04/14/1984,***-**-9942,MN
80,Christine,Williams,08/15/1974,***-**-1974,NE
342,Christopher,Young,12/02/1988,***-**-1343,IL
364,David,Turner,02/13/1973,***-**-7108,KS
64,Gregory,Estes,10/04/1989,***-**-9235,AR
156,Shannon,Vaughn,12/27/1992,***-**-2444,NC
285,James,Mclaughlin,01/21/1981,***-**-1088,OH
79,Michael,Brown,01/13/1986,***-**-9682,FL
170,Jennifer,Crawford,07/21/1986,***-**-5861,CT
561,Michelle,Carr,06/22/1978,***-**-2759,OH
617,Andrew,Love,05/27/1991,***-**-9696,TN
515,Anna,Bennett,06/20/1977,***-**-6909,MN
644,William,Watts,10/12/1989,***-**-6883,NY
450,Cynthia,Williams,12/23/1978,***-**-5994,IA
216,Bruce,Miles,01/21/1982,***-**-0969,NE
88,Amanda,Wilson,05/23/1972,***-**-0767,IN
130,Joshua,Riley,11/08/1983,***-**-4874,CT
408,Carla,Torres,02/23/1987,***-**-7599,AZ
105,Mark,Green,06/14/1977,***-**-6893,NC
580,Stephanie,Goodwin,02/25/1986,***-**-5702,ID
388,Cameron,Allen,01/02/1986,***-**-8341,GA
316,Harold,Li,05/11/1983,***-**-2966,ID
196,Sara,Curry,06/05/1984,***-**-1678,NY
366,Caroline,Wyatt,11/12/1979,***-**-7063,MT
331,Nicole,Perez,09/28/1982,***-**-1455,NC
63,Jacqueline,Garcia,01/31/1991,***-**-8953,MN
651,Alexander,Wright,04/18/1979,***-**-7263,MA
497,Heather,Farrell,01/11/1978,***-**-0338,IL
14,Joseph,Fernandez,06/01/1978,***-**-4971,NM
52,Timothy,Chandler,03/26/1978,***-**-3897,WY
456,Gregory,Jackson,06/06/1973,***-**-0058,VA
412,Thomas,Patterson,05/06/1977,***-**-4561,WI
283,Timothy,Suarez,01/12/1977,***-**-3073,GA
174,Jennifer,Jensen,03/09/1991,***-**-4293,ND
509,Andrew,Hogan,06/08/1990,***-**-5943,ME
254,Dale,Hartman,10/01/1993,***-**-9502,OK
531,Jennifer,Williams,02/27/1977,***-**-9054,NC
104,Antonio,Perez,02/09/1980,***-**-4115,KS
549,Joshua,Hicks,01/07/1985,***-**-4786,OH
183,Edward,Thompson,08/31/1994,***-**-8605,UT
612,Lee,Zamora,03/17/1979,***-**-3321,KY
492,Wyatt,Rivers,02/07/1984,***-**-5135,PA
27,Michelle,Reeves,11/23/1972,***-**-1066,MA
287,Joanna,Hopkins,04/17/1973,***-**-2714,VA
584,Joseph,Mitchell,05/18/1980,***-**-7441,OR
624,Ariel,Ray,09/11/1972,***-**-2732,MS
53,Shawn,Murray,10/30/1990,***-**-5217,NH
206,Jose,Spears,03/01/1976,***-**-2675,WY
211,Caroline,Mayer,05/03/1973,***-**-2487,ME
646,David,Weaver,08/11/1976,***-**-2750,NV
336,Kelly,Sullivan,04/12/1988,***-**-7284,WA
555,Kyle,Ramirez,05/30/1984,***-**-2839,WA
560,Carrie,Davis,06/20/1984,***-**-6558,NM
203,Catherine,Martinez,04/28/1990,***-**-6917,MT
217,Amanda,Lewis,12/05/1988,***-**-0504,WV
371,Katherine,Bailey,03/04/1994,***-**-3545,NH
605,Rodney,Smith,05/08/1975,***-**-3105,IA
337,Savannah,Saunders,05/12/1984,***-**-2473,TX
381,Claudia,Oneal,04/01/1987,***-**-9008,AK
508,Roy,Johnson,03/30/1984,***-**-6344,NV
58,Michelle,Smith,07/08/1982,***-**-6834,IA
401,Amanda,Haney,04/11/1983,***-**-9019,VA
163,Theresa,Fletcher,10/22/1992,***-**-0535,SC
548,Debra,Green,07/20/1988,***-**-5376,OH
161,John,Cox,12/11/1985,***-**-7739,RI
464,Beth,Harris,12/22/1982,***-**-5871,MA
476,Erica,Mcconnell,07/01/1981,***-**-0878,PA
208,Kimberly,Johnson,01/22/1992,***-**-4304,NE
378,Kyle,Aguirre,10/24/1973,***-**-4469,HI
654,Nicole,English,04/30/1977,***-**-9164,MD
585,Bonnie,Turner,04/01/1973,***-**-0208,GA
621,Maurice,Gillespie,09/07/1984,***-**-8509,OR
300,Corey,Adams,10/08/1988,***-**-2578,MD
640,Brett,Nelson,06/20/1986,***-**-3049,VA
297,Melody,Nelson,01/23/1979,***-**-1931,ME
209,James,Young,04/12/1980,***-**-8557,MS
320,Robert,Smith,04/14/1994,***-**-0748,LA
242,Caroline,Larson,05/05/1990,***-**-7178,WV
258,Megan,Robinson,03/24/1973,***-**-1601,LA
570,Shawn,Edwards,01/19/1978,***-**-4865,WA
417,David,Evans,09/15/1977,***-**-6773,PA
281,Julie,Price,01/20/1993,***-**-3599,PA
436,Briana,Webster,02/08/1978,***-**-3704,NH
441,Robin,Oconnor,02/27/1978,***-**-0782,CA
425,Albert,Davidson,01/20/1975,***-**-9182,WY
553,Mark,Chen,04/02/1989,***-**-3553,MA
266,Elizabeth,Lynn,02/25/1992,***-**-8647,WY
40,Tracy,Gonzalez,11/01/1983,***-**-4059,RI
609,Patricia,Fletcher,06/30/1979,***-**-2311,NC
471,Tammy,Salinas,12/29/1980,***-**-3850,MO
307,Roger,Wright,03/04/1974,***-**-3080,WA
353,Kelly,Castillo,04/13/1992,***-**-7622,OK
393,Charles,Kelley,04/14/1993,***-**-1133,DE
607,David,Johnson,06/23/1985,***-**-9729,WA
483,David,Cervantes,01/08/1983,***-**-0082,AL
370,Valerie,Lopez,04/10/1983,***-**-0441,CT
273,Sarah,Hayes,11/20/1984,***-**-8195,NY
141,Christina,Arnold,10/20/1979,***-**-2313,MD
338,Cynthia,Bennett,11/26/1973,***-**-7899,UT
15,Michelle,Huang,04/09/1983,***-**-8363,KS
120,Amanda,Dodson,03/04/1973,***-**-6056,IL
75,Jeff,Hawkins,08/10/1992,***-**-5606,MO
115,Patrick,Taylor,07/29/1991,***-**-5595,AZ
629,Elizabeth,Howard,11/05/1984,***-**-2641,SC
299,Noah,White,04/30/1977,***-**-0897,DE
498,Caroline,Jackson,12/29/1983,***-**-4102,OH
445,Andrea,Wright,06/15/1978,***-**-8386,TN
582,Sara,Smith,01/02/1983,***-**-9188,NM
245,Jennifer,Rodriguez,04/23/1974,***-**-2538,OK
129,Deanna,Terrell,02/05/1990,***-**-5743,OR
544,Kristina,Summers,02/17/1989,***-**-3058,MI
377,Laura,Mercado,04/05/1974,***-**-9514,PA
155,Matthew,Kane,11/17/1990,***-**-9385,FL
440,Tamara,White,05/20/1980,***-**-6614,NY
550,Samantha,Thompson,06/04/1976,***-**-9230,NV
47,John,Mcmillan,03/02/1983,***-**-7301,VA
89,Andrea,Webb,12/11/1985,***-**-7815,KS
145,Lori,Odonnell,10/22/1989,***-**-2415,OK
554,Ronald,Huerta,12/13/1973,***-**-6058,AK
523,Chelsea,Foster,03/26/1974,***-**-4094,AR
499,Daniel,Lopez,09/07/1989,***-**-2639,MN
37,Jonathan,Jones,01/13/1977,***-**-7798,CO
384,Jessica,Gaines,04/23/1981,***-**-9332,WY
514,Timothy,Morris,06/16/1981,***-**-2962,NV
260,Donna,Campbell,07/14/1993,***-**-2369,IA
239,Tonya,Martinez,09/04/1972,***-**-7702,NJ
420,Pamela,Moore,02/20/1980,***-**-9532,KS
380,Michelle,Ali,05/05/1993,***-**-3823,CO
387,Alexander,Gibson,10/27/1983,***-**-1036,CT
207,Jay,Smith,03/06/1985,***-**-6315,NY
318,Teresa,Watkins,07/27/1972,***-**-5707,WY
16,Bradley,Guzman,05/08/1980,***-**-2817,NE
61,Rhonda,Young,06/03/1979,***-**-2336,AZ
280,Brandon,Davis,07/22/1977,***-**-1621,TX
13,Brandon,Farmer,08/10/1980,***-**-2601,AR
563,Barbara,Murphy,10/30/1989,***-**-9225,AK
569,James,King,04/21/1978,***-**-1432,WA
575,Drew,Kelly,03/25/1993,***-**-3264,OR
319,Virginia,Wise,02/18/1982,***-**-8887,NY
122,Mary,Hernandez,01/29/1990,***-**-5268,HI
520,Ryan,Russell,01/06/1975,***-**-3828,DE
489,Amanda,Smith,08/05/1989,***-**-3579,AZ
136,Morgan,Dunn,07/13/1980,***-**-1601,MA
142,Kimberly,Shaw,06/11/1973,***-**-7577,NM
250,Kathleen,Klein,01/15/1990,***-**-3388,TN
383,Diana,Meyers,09/13/1972,***-**-4296,MN
650,Logan,Smith,03/26/1990,***-**-0194,AK
231,Tracy,Martin,05/03/1975,***-**-0726,MO
431,Edwin,Martin,02/13/1988,***-**-9168,NV
306,Kelly,Moran,07/14/1976,***-**-0670,ID
151,Robert,Smith,01/12/1987,***-**-2300,AZ
519,Jane,Martinez,01/30/1991,***-**-3977,LA
172,Denise,Castillo,10/10/1983,***-**-0042,CO
121,Jonathon,Brock,04/30/1980,***-**-9917,AK
140,Amanda,Franco,09/24/1994,***-**-5413,MN
48,Heather,Robinson,11/20/1985,***-**-1929,IA
282,Kathryn,Stout,08/24/1987,***-**-9637,AK
42,Cory,Hopkins,03/13/1977,***-**-9491,MA
247,Ryan,Snyder,07/14/1982,***-**-9330,NE
59,Sara,Walker,08/16/1985,***-**-5423,WI
137,Daniel,Garcia,04/21/1979,***-**-3001,MN
257,Paul,Evans,06/25/1977,***-**-4302,MA
343,Elizabeth,Olson,01/22/1976,***-**-7163,DE
195,Ann,Romero,10/27/1989,***-**-4046,OH
268,Thomas,Jensen,02/23/1991,***-**-3430,DE
558,Brian,Davila,07/05/1982,***-**-3711,MS
70,Donna,Howard,03/31/1990,***-**-7432,MO
28,Kimberly,Massey,01/01/1981,***-**-4649,HI
132,Jeremy,Cross,11/22/1987,***-**-4632,IN
335,Dennis,Thomas,06/11/1989,***-**-5032,MI
349,Kenneth,Martin,08/24/1989,***-**-4681,HI
510,Tyler,Brewer,06/28/1972,***-**-9006,NY
36,Scott,Brooks,02/24/1972,***-**-4958,IA
430,Derrick,Fritz,12/05/1982,***-**-0071,MO
376,Christine,Munoz,11/17/1974,***-**-0149,IN
226,Julie,Robbins,11/23/1976,***-**-4571,NM
240,Rachel,Cook,03/03/1982,***-**-9042,MT
291,Kyle,Hoffman,12/25/1984,***-**-7692,VA
619,Nancy,Nguyen,07/05/1976,***-**-3939,NH
424,John,Wells,05/25/1993,***-**-3026,NE
212,Robert,Ellison,07/16/1979,***-**-9579,NC
263,Keith,Robinson,04/15/1978,***-**-3579,MA
443,Dennis,Osborn,11/15/1973,***-**-3531,TX
26,Ronald,Hays,12/21/1993,***-**-6430,NJ
491,Leslie,Brown,06/15/1973,***-**-1806,OK
114,Maria,Chapman,12/20/1973,***-**-7300,NM
434,Melissa,Torres,03/22/1981,***-**-6921,IA
615,Joshua,Weaver,11/20/1982,***-**-7030,ME
525,Crystal,Martin,08/29/1993,***-**-0679,AZ
44,Sheri,Ball,08/04/1991,***-**-7548,OH
475,Steven,Ritter,02/11/1986,***-**-8004,SD
529,Linda,Krause,12/22/1978,***-**-4382,NJ
83,John,Myers,07/25/1989,***-**-1869,ID
275,Mark,White,09/09/1992,***-**-7830,IL
190,Diana,Smith,12/02/1973,***-**-3506,OK
423,Karen,Lyons,06/09/1990,***-**-9081,TX
581,Laura,Glenn,10/20/1992,***-**-1468,MA
177,Diana,Spence,09/20/1983,***-**-4751,WA
573,Samantha,Farley,07/10/1977,***-**-2351,WI
46,Kayla,Mitchell,10/13/1975,***-**-9155,OH
17,Crystal,Myers,12/31/1980,***-**-6532,TN
101,Brooke,Jones,04/09/1979,***-**-2606,MD
261,John,Mueller,03/22/1987,***-**-7849,IL
435,Karla,Rosales,07/10/1983,***-**-1729,MA
448,Jennifer,Brown,08/23/1977,***-**-0700,KS
597,Blake,Jimenez,09/10/1977,***-**-3810,IL
628,Michael,Garcia,11/05/1980,***-**-4294,CA
610,Jermaine,Quinn,12/24/1989,***-**-1754,IN
113,Patricia,Cruz,04/22/1976,***-**-3822,NV
235,Cameron,Mcintosh,02/01/1975,***-**-8921,OK
21,Michelle,Brewer,06/10/1988,***-**-6836,OK
362,Hannah,Nolan,09/15/1978,***-**-1332,LA
368,Erica,Johnson,05/27/1978,***-**-9413,OR
